"module name","license","repository"
"@0no-co/graphql.web@1.2.0","MIT","https://github.com/0no-co/graphql.web"
"@babel/code-frame@7.10.4","MIT","https://github.com/babel/babel"
"@babel/code-frame@7.29.0","MIT","https://github.com/babel/babel"
"@babel/compat-data@7.29.3","MIT","https://github.com/babel/babel"
"@babel/core@7.29.0","MIT","https://github.com/babel/babel"
"@babel/generator@7.29.1","MIT","https://github.com/babel/babel"
"@babel/helper-annotate-as-pure@7.27.3","MIT","https://github.com/babel/babel"
"@babel/helper-compilation-targets@7.28.6","MIT","https://github.com/babel/babel"
"@babel/helper-create-class-features-plugin@7.29.3","MIT","https://github.com/babel/babel"
"@babel/helper-create-regexp-features-plugin@7.28.5","MIT","https://github.com/babel/babel"
"@babel/helper-define-polyfill-provider@0.6.8","MIT","https://github.com/babel/babel-polyfills"
"@babel/helper-globals@7.28.0","MIT","https://github.com/babel/babel"
"@babel/helper-member-expression-to-functions@7.28.5","MIT","https://github.com/babel/babel"
"@babel/helper-module-imports@7.28.6","MIT","https://github.com/babel/babel"
"@babel/helper-module-transforms@7.28.6","MIT","https://github.com/babel/babel"
"@babel/helper-optimise-call-expression@7.27.1","MIT","https://github.com/babel/babel"
"@babel/helper-plugin-utils@7.28.6","MIT","https://github.com/babel/babel"
"@babel/helper-remap-async-to-generator@7.27.1","MIT","https://github.com/babel/babel"
"@babel/helper-replace-supers@7.28.6","MIT","https://github.com/babel/babel"
"@babel/helper-skip-transparent-expression-wrappers@7.27.1","MIT","https://github.com/babel/babel"
"@babel/helper-string-parser@7.27.1","MIT","https://github.com/babel/babel"
"@babel/helper-validator-identifier@7.28.5","MIT","https://github.com/babel/babel"
"@babel/helper-validator-option@7.27.1","MIT","https://github.com/babel/babel"
"@babel/helper-wrap-function@7.28.6","MIT","https://github.com/babel/babel"
"@babel/helpers@7.29.2","MIT","https://github.com/babel/babel"
"@babel/highlight@7.25.9","MIT","https://github.com/babel/babel"
"@babel/parser@7.29.3","MIT","https://github.com/babel/babel"
"@babel/plugin-proposal-decorators@7.29.0","MIT","https://github.com/babel/babel"
"@babel/plugin-proposal-export-default-from@7.27.1","MIT","https://github.com/babel/babel"
"@babel/plugin-syntax-async-generators@7.8.4","MIT","https://github.com/babel/babel/tree/master/packages/babel-plugin-syntax-async-generators"
"@babel/plugin-syntax-bigint@7.8.3","MIT","https://github.com/babel/babel/tree/master/packages/babel-plugin-syntax-bigint"
"@babel/plugin-syntax-class-properties@7.12.13","MIT","https://github.com/babel/babel"
"@babel/plugin-syntax-class-static-block@7.14.5","MIT","https://github.com/babel/babel"
"@babel/plugin-syntax-decorators@7.28.6","MIT","https://github.com/babel/babel"
"@babel/plugin-syntax-dynamic-import@7.8.3","MIT","https://github.com/babel/babel/tree/master/packages/babel-plugin-syntax-dynamic-import"
"@babel/plugin-syntax-export-default-from@7.28.6","MIT","https://github.com/babel/babel"
"@babel/plugin-syntax-flow@7.28.6","MIT","https://github.com/babel/babel"
"@babel/plugin-syntax-import-attributes@7.28.6","MIT","https://github.com/babel/babel"
"@babel/plugin-syntax-import-meta@7.10.4","MIT","https://github.com/babel/babel"
"@babel/plugin-syntax-json-strings@7.8.3","MIT","https://github.com/babel/babel/tree/master/packages/babel-plugin-syntax-json-strings"
"@babel/plugin-syntax-jsx@7.28.6","MIT","https://github.com/babel/babel"
"@babel/plugin-syntax-logical-assignment-operators@7.10.4","MIT","https://github.com/babel/babel"
"@babel/plugin-syntax-nullish-coalescing-operator@7.8.3","MIT","https://github.com/babel/babel/tree/master/packages/babel-plugin-syntax-nullish-coalescing-operator"
"@babel/plugin-syntax-numeric-separator@7.10.4","MIT","https://github.com/babel/babel"
"@babel/plugin-syntax-object-rest-spread@7.8.3","MIT","https://github.com/babel/babel/tree/master/packages/babel-plugin-syntax-object-rest-spread"
"@babel/plugin-syntax-optional-catch-binding@7.8.3","MIT","https://github.com/babel/babel/tree/master/packages/babel-plugin-syntax-optional-catch-binding"
"@babel/plugin-syntax-optional-chaining@7.8.3","MIT","https://github.com/babel/babel/tree/master/packages/babel-plugin-syntax-optional-chaining"
"@babel/plugin-syntax-private-property-in-object@7.14.5","MIT","https://github.com/babel/babel"
"@babel/plugin-syntax-top-level-await@7.14.5","MIT","https://github.com/babel/babel"
"@babel/plugin-syntax-typescript@7.28.6","MIT","https://github.com/babel/babel"
"@babel/plugin-transform-arrow-functions@7.27.1","MIT","https://github.com/babel/babel"
"@babel/plugin-transform-async-generator-functions@7.29.0","MIT","https://github.com/babel/babel"
"@babel/plugin-transform-async-to-generator@7.28.6","MIT","https://github.com/babel/babel"
"@babel/plugin-transform-block-scoping@7.28.6","MIT","https://github.com/babel/babel"
"@babel/plugin-transform-class-properties@7.28.6","MIT","https://github.com/babel/babel"
"@babel/plugin-transform-class-static-block@7.28.6","MIT","https://github.com/babel/babel"
"@babel/plugin-transform-classes@7.28.6","MIT","https://github.com/babel/babel"
"@babel/plugin-transform-computed-properties@7.28.6","MIT","https://github.com/babel/babel"
"@babel/plugin-transform-destructuring@7.28.5","MIT","https://github.com/babel/babel"
"@babel/plugin-transform-export-namespace-from@7.27.1","MIT","https://github.com/babel/babel"
"@babel/plugin-transform-flow-strip-types@7.27.1","MIT","https://github.com/babel/babel"
"@babel/plugin-transform-for-of@7.27.1","MIT","https://github.com/babel/babel"
"@babel/plugin-transform-function-name@7.27.1","MIT","https://github.com/babel/babel"
"@babel/plugin-transform-literals@7.27.1","MIT","https://github.com/babel/babel"
"@babel/plugin-transform-logical-assignment-operators@7.28.6","MIT","https://github.com/babel/babel"
"@babel/plugin-transform-modules-commonjs@7.28.6","MIT","https://github.com/babel/babel"
"@babel/plugin-transform-named-capturing-groups-regex@7.29.0","MIT","https://github.com/babel/babel"
"@babel/plugin-transform-nullish-coalescing-operator@7.28.6","MIT","https://github.com/babel/babel"
"@babel/plugin-transform-numeric-separator@7.28.6","MIT","https://github.com/babel/babel"
"@babel/plugin-transform-object-rest-spread@7.28.6","MIT","https://github.com/babel/babel"
"@babel/plugin-transform-optional-catch-binding@7.28.6","MIT","https://github.com/babel/babel"
"@babel/plugin-transform-optional-chaining@7.28.6","MIT","https://github.com/babel/babel"
"@babel/plugin-transform-parameters@7.27.7","MIT","https://github.com/babel/babel"
"@babel/plugin-transform-private-methods@7.28.6","MIT","https://github.com/babel/babel"
"@babel/plugin-transform-private-property-in-object@7.28.6","MIT","https://github.com/babel/babel"
"@babel/plugin-transform-react-display-name@7.28.0","MIT","https://github.com/babel/babel"
"@babel/plugin-transform-react-jsx-development@7.27.1","MIT","https://github.com/babel/babel"
"@babel/plugin-transform-react-jsx-self@7.27.1","MIT","https://github.com/babel/babel"
"@babel/plugin-transform-react-jsx-source@7.27.1","MIT","https://github.com/babel/babel"
"@babel/plugin-transform-react-jsx@7.28.6","MIT","https://github.com/babel/babel"
"@babel/plugin-transform-react-pure-annotations@7.27.1","MIT","https://github.com/babel/babel"
"@babel/plugin-transform-regenerator@7.29.0","MIT","https://github.com/babel/babel"
"@babel/plugin-transform-runtime@7.29.0","MIT","https://github.com/babel/babel"
"@babel/plugin-transform-shorthand-properties@7.27.1","MIT","https://github.com/babel/babel"
"@babel/plugin-transform-spread@7.28.6","MIT","https://github.com/babel/babel"
"@babel/plugin-transform-sticky-regex@7.27.1","MIT","https://github.com/babel/babel"
"@babel/plugin-transform-template-literals@7.27.1","MIT","https://github.com/babel/babel"
"@babel/plugin-transform-typescript@7.28.6","MIT","https://github.com/babel/babel"
"@babel/plugin-transform-unicode-regex@7.27.1","MIT","https://github.com/babel/babel"
"@babel/preset-react@7.28.5","MIT","https://github.com/babel/babel"
"@babel/preset-typescript@7.28.5","MIT","https://github.com/babel/babel"
"@babel/runtime@7.29.2","MIT","https://github.com/babel/babel"
"@babel/template@7.28.6","MIT","https://github.com/babel/babel"
"@babel/traverse@7.29.0","MIT","https://github.com/babel/babel"
"@babel/types@7.29.0","MIT","https://github.com/babel/babel"
"@egjs/hammerjs@2.0.17","MIT","https://github.com/naver/hammer.js"
"@expo/cli@54.0.24","MIT","https://github.com/expo/expo"
"@expo/code-signing-certificates@0.0.6","MIT","https://github.com/expo/code-signing-certificates"
"@expo/config-plugins@54.0.4","MIT","https://github.com/expo/expo"
"@expo/config-types@54.0.10","MIT","https://github.com/expo/expo"
"@expo/config@12.0.13","MIT","https://github.com/expo/expo"
"@expo/devcert@1.2.1","MIT","https://github.com/expo/devcert"
"@expo/devtools@0.1.8","MIT","https://github.com/expo/expo"
"@expo/env@2.0.11","MIT","https://github.com/expo/expo"
"@expo/fingerprint@0.15.5","MIT","https://github.com/expo/expo"
"@expo/image-utils@0.8.14","MIT","https://github.com/expo/expo"
"@expo/json-file@10.0.14","MIT","https://github.com/expo/expo"
"@expo/metro-config@54.0.15","MIT","https://github.com/expo/expo"
"@expo/metro-runtime@6.1.2","MIT","https://github.com/expo/expo"
"@expo/metro@54.2.0","MIT","https://github.com/expo/expo-metro"
"@expo/osascript@2.4.3","MIT","https://github.com/expo/expo"
"@expo/package-manager@1.10.5","MIT","https://github.com/expo/expo"
"@expo/plist@0.4.8","MIT","https://github.com/expo/expo"
"@expo/prebuild-config@54.0.8","MIT","https://github.com/expo/expo"
"@expo/require-utils@55.0.5","MIT","https://github.com/expo/expo"
"@expo/schema-utils@0.1.8","MIT","https://github.com/expo/expo"
"@expo/sdk-runtime-versions@1.0.0","MIT",""
"@expo/spawn-async@1.7.2","MIT","https://github.com/expo/spawn-async"
"@expo/sudo-prompt@9.3.2","MIT","https://github.com/expo/sudo-prompt"
"@expo/vector-icons@15.1.1","MIT","https://github.com/expo/vector-icons"
"@expo/ws-tunnel@1.0.6","MIT",""
"@expo/xcpretty@4.4.4","BSD-3-Clause","https://github.com/expo/expo-cli"
"@firebase/ai@2.9.0","Apache-2.0","https://github.com/firebase/firebase-js-sdk"
"@firebase/analytics-compat@0.2.26","Apache-2.0","https://github.com/firebase/firebase-js-sdk"
"@firebase/analytics-types@0.8.3","Apache-2.0","https://github.com/firebase/firebase-js-sdk"
"@firebase/analytics@0.10.20","Apache-2.0","https://github.com/firebase/firebase-js-sdk"
"@firebase/app-check-compat@0.4.1","Apache-2.0","https://github.com/firebase/firebase-js-sdk"
"@firebase/app-check-interop-types@0.3.3","Apache-2.0","https://github.com/firebase/firebase-js-sdk"
"@firebase/app-check-types@0.5.3","Apache-2.0","https://github.com/firebase/firebase-js-sdk"
"@firebase/app-check@0.11.1","Apache-2.0","https://github.com/firebase/firebase-js-sdk"
"@firebase/app-compat@0.5.9","Apache-2.0","https://github.com/firebase/firebase-js-sdk"
"@firebase/app-types@0.9.3","Apache-2.0","https://github.com/firebase/firebase-js-sdk"
"@firebase/app@0.14.9","Apache-2.0","https://github.com/firebase/firebase-js-sdk"
"@firebase/auth-compat@0.6.3","Apache-2.0","https://github.com/firebase/firebase-js-sdk"
"@firebase/auth-interop-types@0.2.4","Apache-2.0","https://github.com/firebase/firebase-js-sdk"
"@firebase/auth-types@0.13.0","Apache-2.0","https://github.com/firebase/firebase-js-sdk"
"@firebase/auth@1.12.1","Apache-2.0","https://github.com/firebase/firebase-js-sdk"
"@firebase/component@0.7.1","Apache-2.0","https://github.com/firebase/firebase-js-sdk"
"@firebase/data-connect@0.4.0","Apache-2.0","https://github.com/firebase/firebase-js-sdk"
"@firebase/database-compat@2.1.1","Apache-2.0","https://github.com/firebase/firebase-js-sdk"
"@firebase/database-types@1.0.17","Apache-2.0","https://github.com/firebase/firebase-js-sdk"
"@firebase/database@1.1.1","Apache-2.0","https://github.com/firebase/firebase-js-sdk"
"@firebase/firestore-compat@0.4.6","Apache-2.0","https://github.com/firebase/firebase-js-sdk"
"@firebase/firestore-types@3.0.3","Apache-2.0","https://github.com/firebase/firebase-js-sdk"
"@firebase/firestore@4.12.0","Apache-2.0","https://github.com/firebase/firebase-js-sdk"
"@firebase/functions-compat@0.4.2","Apache-2.0","https://github.com/firebase/firebase-js-sdk"
"@firebase/functions-types@0.6.3","Apache-2.0","https://github.com/firebase/firebase-js-sdk"
"@firebase/functions@0.13.2","Apache-2.0","https://github.com/firebase/firebase-js-sdk"
"@firebase/installations-compat@0.2.20","Apache-2.0","https://github.com/firebase/firebase-js-sdk"
"@firebase/installations-types@0.5.3","Apache-2.0","https://github.com/firebase/firebase-js-sdk"
"@firebase/installations@0.6.20","Apache-2.0","https://github.com/firebase/firebase-js-sdk"
"@firebase/logger@0.5.0","Apache-2.0","https://github.com/firebase/firebase-js-sdk"
"@firebase/messaging-compat@0.2.24","Apache-2.0","https://github.com/firebase/firebase-js-sdk"
"@firebase/messaging-interop-types@0.2.3","Apache-2.0","https://github.com/firebase/firebase-js-sdk"
"@firebase/messaging@0.12.24","Apache-2.0","https://github.com/firebase/firebase-js-sdk"
"@firebase/performance-compat@0.2.23","Apache-2.0","https://github.com/firebase/firebase-js-sdk"
"@firebase/performance-types@0.2.3","Apache-2.0","https://github.com/firebase/firebase-js-sdk"
"@firebase/performance@0.7.10","Apache-2.0","https://github.com/firebase/firebase-js-sdk"
"@firebase/remote-config-compat@0.2.22","Apache-2.0","https://github.com/firebase/firebase-js-sdk"
"@firebase/remote-config-types@0.5.0","Apache-2.0","https://github.com/firebase/firebase-js-sdk"
"@firebase/remote-config@0.8.1","Apache-2.0","https://github.com/firebase/firebase-js-sdk"
"@firebase/storage-compat@0.4.1","Apache-2.0","https://github.com/firebase/firebase-js-sdk"
"@firebase/storage-types@0.8.3","Apache-2.0","https://github.com/firebase/firebase-js-sdk"
"@firebase/storage@0.14.1","Apache-2.0","https://github.com/firebase/firebase-js-sdk"
"@firebase/util@1.14.0","Apache-2.0","https://github.com/firebase/firebase-js-sdk"
"@firebase/webchannel-wrapper@1.0.5","Apache-2.0","https://github.com/firebase/firebase-js-sdk"
"@grpc/grpc-js@1.9.15","Apache-2.0","https://github.com/grpc/grpc-node/tree/master/packages/grpc-js"
"@grpc/proto-loader@0.7.15","Apache-2.0","https://github.com/grpc/grpc-node"
"@isaacs/fs-minipass@4.0.1","ISC","https://github.com/npm/fs-minipass"
"@isaacs/ttlcache@1.4.1","ISC","https://github.com/isaacs/ttlcache"
"@istanbuljs/load-nyc-config@1.1.0","ISC","https://github.com/istanbuljs/load-nyc-config"
"@istanbuljs/schema@0.1.6","MIT","https://github.com/istanbuljs/schema"
"@jest/create-cache-key-function@29.7.0","MIT","https://github.com/jestjs/jest"
"@jest/environment@29.7.0","MIT","https://github.com/jestjs/jest"
"@jest/fake-timers@29.7.0","MIT","https://github.com/jestjs/jest"
"@jest/schemas@29.6.3","MIT","https://github.com/jestjs/jest"
"@jest/transform@29.7.0","MIT","https://github.com/jestjs/jest"
"@jest/types@29.6.3","MIT","https://github.com/jestjs/jest"
"@jridgewell/gen-mapping@0.3.13","MIT","https://github.com/jridgewell/sourcemaps"
"@jridgewell/remapping@2.3.5","MIT","https://github.com/jridgewell/sourcemaps"
"@jridgewell/resolve-uri@3.1.2","MIT","https://github.com/jridgewell/resolve-uri"
"@jridgewell/source-map@0.3.11","MIT","https://github.com/jridgewell/sourcemaps"
"@jridgewell/sourcemap-codec@1.5.5","MIT","https://github.com/jridgewell/sourcemaps"
"@jridgewell/trace-mapping@0.3.31","MIT","https://github.com/jridgewell/sourcemaps"
"@protobufjs/aspromise@1.1.2","BSD-3-Clause","https://github.com/dcodeIO/protobuf.js"
"@protobufjs/base64@1.1.2","BSD-3-Clause","https://github.com/dcodeIO/protobuf.js"
"@protobufjs/codegen@2.0.5","BSD-3-Clause","https://github.com/dcodeIO/protobuf.js"
"@protobufjs/eventemitter@1.1.0","BSD-3-Clause","https://github.com/dcodeIO/protobuf.js"
"@protobufjs/fetch@1.1.0","BSD-3-Clause","https://github.com/dcodeIO/protobuf.js"
"@protobufjs/float@1.0.2","BSD-3-Clause","https://github.com/dcodeIO/protobuf.js"
"@protobufjs/inquire@1.1.1","BSD-3-Clause","https://github.com/dcodeIO/protobuf.js"
"@protobufjs/path@1.1.2","BSD-3-Clause","https://github.com/dcodeIO/protobuf.js"
"@protobufjs/pool@1.1.0","BSD-3-Clause","https://github.com/dcodeIO/protobuf.js"
"@protobufjs/utf8@1.1.1","BSD-3-Clause","https://github.com/dcodeIO/protobuf.js"
"@radix-ui/primitive@1.1.3","MIT","https://github.com/radix-ui/primitives"
"@radix-ui/react-collection@1.1.7","MIT","https://github.com/radix-ui/primitives"
"@radix-ui/react-compose-refs@1.1.2","MIT","https://github.com/radix-ui/primitives"
"@radix-ui/react-context@1.1.2","MIT","https://github.com/radix-ui/primitives"
"@radix-ui/react-dialog@1.1.15","MIT","https://github.com/radix-ui/primitives"
"@radix-ui/react-direction@1.1.1","MIT","https://github.com/radix-ui/primitives"
"@radix-ui/react-dismissable-layer@1.1.11","MIT","https://github.com/radix-ui/primitives"
"@radix-ui/react-focus-guards@1.1.3","MIT","https://github.com/radix-ui/primitives"
"@radix-ui/react-focus-scope@1.1.7","MIT","https://github.com/radix-ui/primitives"
"@radix-ui/react-id@1.1.1","MIT","https://github.com/radix-ui/primitives"
"@radix-ui/react-portal@1.1.9","MIT","https://github.com/radix-ui/primitives"
"@radix-ui/react-presence@1.1.5","MIT","https://github.com/radix-ui/primitives"
"@radix-ui/react-primitive@2.1.3","MIT","https://github.com/radix-ui/primitives"
"@radix-ui/react-roving-focus@1.1.11","MIT","https://github.com/radix-ui/primitives"
"@radix-ui/react-slot@1.2.0","MIT","https://github.com/radix-ui/primitives"
"@radix-ui/react-slot@1.2.3","MIT","https://github.com/radix-ui/primitives"
"@radix-ui/react-tabs@1.1.13","MIT","https://github.com/radix-ui/primitives"
"@radix-ui/react-use-callback-ref@1.1.1","MIT","https://github.com/radix-ui/primitives"
"@radix-ui/react-use-controllable-state@1.2.2","MIT","https://github.com/radix-ui/primitives"
"@radix-ui/react-use-effect-event@0.0.2","MIT","https://github.com/radix-ui/primitives"
"@radix-ui/react-use-escape-keydown@1.1.1","MIT","https://github.com/radix-ui/primitives"
"@radix-ui/react-use-layout-effect@1.1.1","MIT","https://github.com/radix-ui/primitives"
"@react-native-community/datetimepicker@8.4.4","MIT","https://github.com/react-native-community/datetimepicker"
"@react-native-firebase/app-check@24.0.0","Apache-2.0","https://github.com/invertase/react-native-firebase/tree/main/packages/app-check"
"@react-native-firebase/app@24.0.0","Apache-2.0","https://github.com/invertase/react-native-firebase/tree/main/packages/app"
"@react-native-firebase/auth@24.0.0","Apache-2.0","https://github.com/invertase/react-native-firebase/tree/main/packages/auth"
"@react-native-firebase/firestore@24.0.0","Apache-2.0","https://github.com/invertase/react-native-firebase/tree/main/packages/firestore"
"@react-native/assets-registry@0.81.5","MIT","https://github.com/facebook/react-native"
"@react-native/babel-plugin-codegen@0.81.5","MIT","https://github.com/facebook/react-native"
"@react-native/babel-preset@0.81.5","MIT","https://github.com/facebook/react-native"
"@react-native/codegen@0.81.5","MIT","https://github.com/facebook/react-native"
"@react-native/community-cli-plugin@0.81.5","MIT","https://github.com/facebook/react-native"
"@react-native/debugger-frontend@0.81.5","BSD-3-Clause","https://github.com/facebook/react-native"
"@react-native/dev-middleware@0.81.5","MIT","https://github.com/facebook/react-native"
"@react-native/gradle-plugin@0.81.5","MIT","https://github.com/facebook/react-native"
"@react-native/js-polyfills@0.81.5","MIT","https://github.com/facebook/react-native"
"@react-native/normalize-colors@0.74.89","MIT","https://github.com/facebook/react-native"
"@react-native/normalize-colors@0.81.5","MIT","https://github.com/facebook/react-native"
"@react-native/virtualized-lists@0.81.5","MIT","https://github.com/facebook/react-native"
"@react-navigation/bottom-tabs@7.15.13","MIT","https://github.com/react-navigation/react-navigation"
"@react-navigation/core@7.17.4","MIT","https://github.com/react-navigation/react-navigation"
"@react-navigation/elements@2.9.17","MIT","https://github.com/react-navigation/react-navigation"
"@react-navigation/native-stack@7.14.14","MIT","https://github.com/react-navigation/react-navigation"
"@react-navigation/native@7.2.4","MIT","https://github.com/react-navigation/react-navigation"
"@react-navigation/routers@7.5.5","MIT","https://github.com/react-navigation/react-navigation"
"@sinclair/typebox@0.27.10","MIT","https://github.com/sinclairzx81/typebox-legacy"
"@sinonjs/commons@3.0.1","BSD-3-Clause","https://github.com/sinonjs/commons"
"@sinonjs/fake-timers@10.3.0","BSD-3-Clause","https://github.com/sinonjs/fake-timers"
"@types/babel__core@7.20.5","MIT","https://github.com/DefinitelyTyped/DefinitelyTyped"
"@types/babel__generator@7.27.0","MIT","https://github.com/DefinitelyTyped/DefinitelyTyped"
"@types/babel__template@7.4.4","MIT","https://github.com/DefinitelyTyped/DefinitelyTyped"
"@types/babel__traverse@7.28.0","MIT","https://github.com/DefinitelyTyped/DefinitelyTyped"
"@types/graceful-fs@4.1.9","MIT","https://github.com/DefinitelyTyped/DefinitelyTyped"
"@types/hammerjs@2.0.46","MIT","https://github.com/DefinitelyTyped/DefinitelyTyped"
"@types/istanbul-lib-coverage@2.0.6","MIT","https://github.com/DefinitelyTyped/DefinitelyTyped"
"@types/istanbul-lib-report@3.0.3","MIT","https://github.com/DefinitelyTyped/DefinitelyTyped"
"@types/istanbul-reports@3.0.4","MIT","https://github.com/DefinitelyTyped/DefinitelyTyped"
"@types/node@25.6.2","MIT","https://github.com/DefinitelyTyped/DefinitelyTyped"
"@types/react@19.1.17","MIT","https://github.com/DefinitelyTyped/DefinitelyTyped"
"@types/stack-utils@2.0.3","MIT","https://github.com/DefinitelyTyped/DefinitelyTyped"
"@types/yargs-parser@21.0.3","MIT","https://github.com/DefinitelyTyped/DefinitelyTyped"
"@types/yargs@17.0.35","MIT","https://github.com/DefinitelyTyped/DefinitelyTyped"
"@ungap/structured-clone@1.3.1","ISC","https://github.com/ungap/structured-clone"
"@urql/core@5.2.0","MIT","https://github.com/urql-graphql/urql"
"@urql/exchange-retry@1.3.2","MIT","https://github.com/urql-graphql/urql"
"@xmldom/xmldom@0.8.13","MIT","https://github.com/xmldom/xmldom"
"@xmldom/xmldom@0.9.10","MIT","https://github.com/xmldom/xmldom"
"abort-controller@3.0.0","MIT","https://github.com/mysticatea/abort-controller"
"accepts@1.3.8","MIT","https://github.com/jshttp/accepts"
"acorn@8.16.0","MIT","https://github.com/acornjs/acorn"
"agent-base@7.1.4","MIT","https://github.com/TooTallNate/proxy-agents"
"ajv@8.20.0","MIT","https://github.com/ajv-validator/ajv"
"anser@1.4.10","MIT","https://github.com/IonicaBizau/anser"
"ansi-escapes@4.3.2","MIT","https://github.com/sindresorhus/ansi-escapes"
"ansi-regex@4.1.1","MIT","https://github.com/chalk/ansi-regex"
"ansi-regex@5.0.1","MIT","https://github.com/chalk/ansi-regex"
"ansi-styles@3.2.1","MIT","https://github.com/chalk/ansi-styles"
"ansi-styles@4.3.0","MIT","https://github.com/chalk/ansi-styles"
"ansi-styles@5.2.0","MIT","https://github.com/chalk/ansi-styles"
"any-promise@1.3.0","MIT","https://github.com/kevinbeaty/any-promise"
"anymatch@3.1.3","ISC","https://github.com/micromatch/anymatch"
"arg@5.0.2","MIT","https://github.com/vercel/arg"
"argparse@1.0.10","MIT","https://github.com/nodeca/argparse"
"argparse@2.0.1","Python-2.0","https://github.com/nodeca/argparse"
"aria-hidden@1.2.6","MIT","https://github.com/theKashey/aria-hidden"
"asap@2.0.6","MIT","https://github.com/kriskowal/asap"
"async-limiter@1.0.1","MIT","https://github.com/strml/async-limiter"
"babel-jest@29.7.0","MIT","https://github.com/jestjs/jest"
"babel-plugin-istanbul@6.1.1","BSD-3-Clause","https://github.com/istanbuljs/babel-plugin-istanbul"
"babel-plugin-jest-hoist@29.6.3","MIT","https://github.com/jestjs/jest"
"babel-plugin-polyfill-corejs2@0.4.17","MIT","https://github.com/babel/babel-polyfills"
"babel-plugin-polyfill-corejs3@0.13.0","MIT","https://github.com/babel/babel-polyfills"
"babel-plugin-polyfill-regenerator@0.6.8","MIT","https://github.com/babel/babel-polyfills"
"babel-plugin-react-compiler@1.0.0","MIT","https://github.com/facebook/react"
"babel-plugin-react-native-web@0.21.2","MIT","https://github.com/necolas/react-native-web"
"babel-plugin-syntax-hermes-parser@0.29.1","MIT","https://github.com/facebook/hermes"
"babel-plugin-transform-flow-enums@0.0.2","MIT","https://github.com/facebook/flow"
"babel-preset-current-node-syntax@1.2.0","MIT","https://github.com/nicolo-ribaudo/babel-preset-current-node-syntax"
"babel-preset-expo@54.0.10","MIT","https://github.com/expo/expo"
"babel-preset-jest@29.6.3","MIT","https://github.com/jestjs/jest"
"balanced-match@1.0.2","MIT","https://github.com/juliangruber/balanced-match"
"balanced-match@4.0.4","MIT","https://github.com/juliangruber/balanced-match"
"base64-js@1.5.1","MIT","https://github.com/beatgammit/base64-js"
"baseline-browser-mapping@2.10.29","Apache-2.0","https://github.com/web-platform-dx/baseline-browser-mapping"
"better-opn@3.0.2","MIT","https://github.com/ExiaSR/better-opn"
"big-integer@1.6.52","Unlicense","https://github.com/peterolson/BigInteger.js"
"bplist-creator@0.1.0","MIT","https://github.com/nearinfinity/node-bplist-creator"
"bplist-parser@0.3.1","MIT","https://github.com/nearinfinity/node-bplist-parser"
"brace-expansion@1.1.14","MIT","https://github.com/juliangruber/brace-expansion"
"brace-expansion@2.1.0","MIT","https://github.com/juliangruber/brace-expansion"
"brace-expansion@5.0.6","MIT","https://github.com/juliangruber/brace-expansion"
"braces@3.0.3","MIT","https://github.com/micromatch/braces"
"browserslist@4.28.2","MIT","https://github.com/browserslist/browserslist"
"bser@2.1.1","Apache-2.0","https://github.com/facebook/watchman"
"buffer-from@1.1.2","MIT","https://github.com/LinusU/buffer-from"
"buffer@5.7.1","MIT","https://github.com/feross/buffer"
"bytes@3.1.2","MIT","https://github.com/visionmedia/bytes.js"
"camelcase@5.3.1","MIT","https://github.com/sindresorhus/camelcase"
"camelcase@6.3.0","MIT","https://github.com/sindresorhus/camelcase"
"caniuse-lite@1.0.30001792","CC-BY-4.0","https://github.com/browserslist/caniuse-lite"
"chalk@2.4.2","MIT","https://github.com/chalk/chalk"
"chalk@4.1.2","MIT","https://github.com/chalk/chalk"
"chownr@3.0.0","BlueOak-1.0.0","https://github.com/isaacs/chownr"
"chrome-launcher@0.15.2","Apache-2.0","https://github.com/GoogleChrome/chrome-launcher"
"chromium-edge-launcher@0.2.0","Apache-2.0","https://github.com/cezaraugusto/chromium-edge-launcher"
"ci-info@2.0.0","MIT","https://github.com/watson/ci-info"
"ci-info@3.9.0","MIT","https://github.com/watson/ci-info"
"cli-cursor@2.1.0","MIT","https://github.com/sindresorhus/cli-cursor"
"cli-spinners@2.9.2","MIT","https://github.com/sindresorhus/cli-spinners"
"client-only@0.0.1","MIT",""
"cliui@8.0.1","ISC","https://github.com/yargs/cliui"
"clone@1.0.4","MIT","https://github.com/pvorb/node-clone"
"color-convert@1.9.3","MIT","https://github.com/Qix-/color-convert"
"color-convert@2.0.1","MIT","https://github.com/Qix-/color-convert"
"color-name@1.1.3","MIT","https://github.com/dfcreative/color-name"
"color-name@1.1.4","MIT","https://github.com/colorjs/color-name"
"color-string@1.9.1","MIT","https://github.com/Qix-/color-string"
"color@4.2.3","MIT","https://github.com/Qix-/color"
"commander@12.1.0","MIT","https://github.com/tj/commander.js"
"commander@2.20.3","MIT","https://github.com/tj/commander.js"
"commander@4.1.1","MIT","https://github.com/tj/commander.js"
"commander@7.2.0","MIT","https://github.com/tj/commander.js"
"compressible@2.0.18","MIT","https://github.com/jshttp/compressible"
"compression@1.8.1","MIT","https://github.com/expressjs/compression"
"concat-map@0.0.1","MIT","https://github.com/substack/node-concat-map"
"connect@3.7.0","MIT","https://github.com/senchalabs/connect"
"convert-source-map@2.0.0","MIT","https://github.com/thlorenz/convert-source-map"
"core-js-compat@3.49.0","MIT","https://github.com/zloirock/core-js"
"cross-fetch@3.2.0","MIT","https://github.com/lquixada/cross-fetch"
"cross-spawn@7.0.6","MIT","https://github.com/moxystudio/node-cross-spawn"
"css-in-js-utils@3.1.0","MIT","https://github.com/robinweser/css-in-js-utils"
"csstype@3.2.3","MIT","https://github.com/frenic/csstype"
"debug@2.6.9","MIT","https://github.com/visionmedia/debug"
"debug@3.2.7","MIT","https://github.com/visionmedia/debug"
"debug@4.4.3","MIT","https://github.com/debug-js/debug"
"decode-uri-component@0.2.2","MIT","https://github.com/SamVerschueren/decode-uri-component"
"deep-extend@0.6.0","MIT","https://github.com/unclechu/node-deep-extend"
"deepmerge@4.3.1","MIT","https://github.com/TehShrike/deepmerge"
"defaults@1.0.4","MIT","https://github.com/sindresorhus/node-defaults"
"define-lazy-prop@2.0.0","MIT","https://github.com/sindresorhus/define-lazy-prop"
"depd@2.0.0","MIT","https://github.com/dougwilson/nodejs-depd"
"destroy@1.2.0","MIT","https://github.com/stream-utils/destroy"
"detect-libc@2.1.2","Apache-2.0","https://github.com/lovell/detect-libc"
"detect-node-es@1.1.0","MIT","https://github.com/thekashey/detect-node"
"dotenv-expand@11.0.7","BSD-2-Clause","https://github.com/motdotla/dotenv-expand"
"dotenv@16.4.7","BSD-2-Clause","https://github.com/motdotla/dotenv"
"ee-first@1.1.1","MIT","https://github.com/jonathanong/ee-first"
"electron-to-chromium@1.5.353","ISC","https://github.com/Kilian/electron-to-chromium"
"emoji-regex@8.0.0","MIT","https://github.com/mathiasbynens/emoji-regex"
"encodeurl@1.0.2","MIT","https://github.com/pillarjs/encodeurl"
"encodeurl@2.0.0","MIT","https://github.com/pillarjs/encodeurl"
"encoding-japanese@2.2.0","MIT","https://github.com/polygonplanet/encoding.js"
"env-editor@0.4.2","MIT","https://github.com/sindresorhus/env-editor"
"error-stack-parser@2.1.4","MIT","https://github.com/stacktracejs/error-stack-parser"
"es-errors@1.3.0","MIT","https://github.com/ljharb/es-errors"
"escalade@3.2.0","MIT","https://github.com/lukeed/escalade"
"escape-html@1.0.3","MIT","https://github.com/component/escape-html"
"escape-string-regexp@1.0.5","MIT","https://github.com/sindresorhus/escape-string-regexp"
"escape-string-regexp@2.0.0","MIT","https://github.com/sindresorhus/escape-string-regexp"
"escape-string-regexp@4.0.0","MIT","https://github.com/sindresorhus/escape-string-regexp"
"esprima@4.0.1","BSD-2-Clause","https://github.com/jquery/esprima"
"etag@1.8.1","MIT","https://github.com/jshttp/etag"
"event-target-shim@5.0.1","MIT","https://github.com/mysticatea/event-target-shim"
"expo-apple-authentication@8.0.8","MIT","https://github.com/expo/expo"
"expo-asset@12.0.13","MIT","https://github.com/expo/expo"
"expo-blur@15.0.8","MIT","https://github.com/expo/expo"
"expo-build-properties@1.0.10","MIT","https://github.com/expo/expo"
"expo-constants@18.0.13","MIT","https://github.com/expo/expo"
"expo-dev-client@6.0.21","MIT","https://github.com/expo/expo"
"expo-dev-launcher@6.0.21","MIT","https://github.com/expo/expo"
"expo-dev-menu-interface@2.0.0","MIT","https://github.com/expo/expo"
"expo-dev-menu@7.0.19","MIT","https://github.com/expo/expo"
"expo-document-picker@14.0.8","MIT","https://github.com/expo/expo"
"expo-file-system@19.0.22","MIT","https://github.com/expo/expo"
"expo-font@14.0.11","MIT","https://github.com/expo/expo"
"expo-haptics@15.0.8","MIT","https://github.com/expo/expo"
"expo-image@3.0.11","MIT","https://github.com/expo/expo"
"expo-json-utils@0.15.0","MIT","https://github.com/expo/expo"
"expo-keep-awake@15.0.8","MIT","https://github.com/expo/expo"
"expo-linking@8.0.12","MIT","https://github.com/expo/expo"
"expo-manifests@1.0.11","MIT","https://github.com/expo/expo"
"expo-modules-autolinking@3.0.25","MIT","https://github.com/expo/expo"
"expo-modules-core@3.0.30","MIT","https://github.com/expo/expo"
"expo-router@6.0.23","MIT","https://github.com/expo/expo"
"expo-server@1.0.6","MIT","https://github.com/expo/expo"
"expo-sharing@14.0.8","MIT","https://github.com/expo/expo"
"expo-splash-screen@31.0.13","MIT","https://github.com/expo/expo"
"expo-status-bar@3.0.9","MIT","https://github.com/expo/expo"
"expo-symbols@1.0.8","MIT","https://github.com/expo/expo"
"expo-system-ui@6.0.9","MIT","https://github.com/expo/expo"
"expo-updates-interface@2.0.0","MIT","https://github.com/expo/expo"
"expo-web-browser@15.0.11","MIT","https://github.com/expo/expo"
"expo@54.0.34","MIT","https://github.com/expo/expo"
"exponential-backoff@3.1.3","Apache-2.0","https://github.com/coveooss/exponential-backoff"
"fast-deep-equal@3.1.3","MIT","https://github.com/epoberezkin/fast-deep-equal"
"fast-json-stable-stringify@2.1.0","MIT","https://github.com/epoberezkin/fast-json-stable-stringify"
"fast-uri@3.1.2","BSD-3-Clause","https://github.com/fastify/fast-uri"
"faye-websocket@0.11.4","Apache-2.0","https://github.com/faye/faye-websocket-node"
"fb-watchman@2.0.2","Apache-2.0","https://github.com/facebook/watchman"
"fbjs-css-vars@1.0.2","MIT","https://github.com/facebook/fbjs"
"fbjs@3.0.5","MIT","https://github.com/facebook/fbjs"
"fdir@6.5.0","MIT","https://github.com/thecodrr/fdir"
"fill-range@7.1.1","MIT","https://github.com/jonschlinkert/fill-range"
"filter-obj@1.1.0","MIT","https://github.com/sindresorhus/filter-obj"
"finalhandler@1.1.2","MIT","https://github.com/pillarjs/finalhandler"
"find-up@4.1.0","MIT","https://github.com/sindresorhus/find-up"
"firebase@12.10.0","Apache-2.0","https://github.com/firebase/firebase-js-sdk"
"flow-enums-runtime@0.0.6","MIT","https://github.com/facebook/flow"
"fontfaceobserver@2.3.0","BSD-2-Clause","https://github.com/bramstein/fontfaceobserver"
"freeport-async@2.0.0","MIT","https://github.com/expo/freeport-async"
"fresh@0.5.2","MIT","https://github.com/jshttp/fresh"
"fs.realpath@1.0.0","ISC","https://github.com/isaacs/fs.realpath"
"function-bind@1.1.2","MIT","https://github.com/Raynos/function-bind"
"gensync@1.0.0-beta.2","MIT","https://github.com/loganfsmyth/gensync"
"get-caller-file@2.0.5","ISC","https://github.com/stefanpenner/get-caller-file"
"get-nonce@1.0.1","MIT","https://github.com/theKashey/get-nonce"
"get-package-type@0.1.0","MIT","https://github.com/cfware/get-package-type"
"getenv@2.0.0","MIT","https://github.com/ctavan/node-getenv"
"glob@13.0.6","BlueOak-1.0.0","https://github.com/isaacs/node-glob"
"glob@7.2.3","ISC","https://github.com/isaacs/node-glob"
"graceful-fs@4.2.11","ISC","https://github.com/isaacs/node-graceful-fs"
"has-flag@3.0.0","MIT","https://github.com/sindresorhus/has-flag"
"has-flag@4.0.0","MIT","https://github.com/sindresorhus/has-flag"
"hasown@2.0.3","MIT","https://github.com/inspect-js/hasOwn"
"hermes-estree@0.29.1","MIT","https://github.com/facebook/hermes"
"hermes-estree@0.32.0","MIT","https://github.com/facebook/hermes"
"hermes-parser@0.29.1","MIT","https://github.com/facebook/hermes"
"hermes-parser@0.32.0","MIT","https://github.com/facebook/hermes"
"hoist-non-react-statics@3.3.2","BSD-3-Clause","https://github.com/mridgway/hoist-non-react-statics"
"hosted-git-info@7.0.2","ISC","https://github.com/npm/hosted-git-info"
"http-errors@2.0.1","MIT","https://github.com/jshttp/http-errors"
"http-parser-js@0.5.10","MIT","https://github.com/creationix/http-parser-js"
"https-proxy-agent@7.0.6","MIT","https://github.com/TooTallNate/proxy-agents"
"hyphenate-style-name@1.1.0","BSD-3-Clause","https://github.com/rexxars/hyphenate-style-name"
"idb@7.1.1","ISC","https://github.com/jakearchibald/idb"
"ieee754@1.2.1","BSD-3-Clause","https://github.com/feross/ieee754"
"ignore@5.3.2","MIT","https://github.com/kaelzhang/node-ignore"
"image-size@1.2.1","MIT","https://github.com/image-size/image-size"
"imurmurhash@0.1.4","MIT","https://github.com/jensyt/imurmurhash-js"
"inflight@1.0.6","ISC","https://github.com/npm/inflight"
"inherits@2.0.4","ISC","https://github.com/isaacs/inherits"
"ini@1.3.8","ISC","https://github.com/isaacs/ini"
"inline-style-prefixer@7.0.1","MIT","https://github.com/robinweser/inline-style-prefixer"
"invariant@2.2.4","MIT","https://github.com/zertosh/invariant"
"is-arrayish@0.3.4","MIT","https://github.com/qix-/node-is-arrayish"
"is-core-module@2.16.2","MIT","https://github.com/inspect-js/is-core-module"
"is-docker@2.2.1","MIT","https://github.com/sindresorhus/is-docker"
"is-fullwidth-code-point@3.0.0","MIT","https://github.com/sindresorhus/is-fullwidth-code-point"
"is-number@7.0.0","MIT","https://github.com/jonschlinkert/is-number"
"is-wsl@2.2.0","MIT","https://github.com/sindresorhus/is-wsl"
"isexe@2.0.0","ISC","https://github.com/isaacs/isexe"
"istanbul-lib-coverage@3.2.2","BSD-3-Clause","https://github.com/istanbuljs/istanbuljs"
"istanbul-lib-instrument@5.2.1","BSD-3-Clause","https://github.com/istanbuljs/istanbuljs"
"jest-environment-node@29.7.0","MIT","https://github.com/jestjs/jest"
"jest-get-type@29.6.3","MIT","https://github.com/jestjs/jest"
"jest-haste-map@29.7.0","MIT","https://github.com/jestjs/jest"
"jest-message-util@29.7.0","MIT","https://github.com/jestjs/jest"
"jest-mock@29.7.0","MIT","https://github.com/jestjs/jest"
"jest-regex-util@29.6.3","MIT","https://github.com/jestjs/jest"
"jest-util@29.7.0","MIT","https://github.com/jestjs/jest"
"jest-validate@29.7.0","MIT","https://github.com/jestjs/jest"
"jest-worker@29.7.0","MIT","https://github.com/jestjs/jest"
"jimp-compact@0.16.1","MIT","https://github.com/nuxt-community/jimp-compact"
"js-tokens@4.0.0","MIT","https://github.com/lydell/js-tokens"
"js-yaml@3.14.2","MIT","https://github.com/nodeca/js-yaml"
"js-yaml@4.1.1","MIT","https://github.com/nodeca/js-yaml"
"jsc-safe-url@0.2.4","0BSD","https://github.com/robhogan/jsc-safe-url"
"jsesc@3.1.0","MIT","https://github.com/mathiasbynens/jsesc"
"json-schema-traverse@1.0.0","MIT","https://github.com/epoberezkin/json-schema-traverse"
"json5@2.2.3","MIT","https://github.com/json5/json5"
"kleur@3.0.3","MIT","https://github.com/lukeed/kleur"
"lan-network@0.2.1","MIT","https://github.com/kitten/lan-network"
"leven@3.1.0","MIT","https://github.com/sindresorhus/leven"
"lighthouse-logger@1.4.2","Apache-2.0",""
"lightningcss-win32-x64-msvc@1.32.0","MPL-2.0","https://github.com/parcel-bundler/lightningcss"
"lightningcss@1.32.0","MPL-2.0","https://github.com/parcel-bundler/lightningcss"
"lines-and-columns@1.2.4","MIT","https://github.com/eventualbuddha/lines-and-columns"
"locate-path@5.0.0","MIT","https://github.com/sindresorhus/locate-path"
"lodash.camelcase@4.3.0","MIT","https://github.com/lodash/lodash"
"lodash.debounce@4.0.8","MIT","https://github.com/lodash/lodash"
"lodash.throttle@4.1.1","MIT","https://github.com/lodash/lodash"
"log-symbols@2.2.0","MIT","https://github.com/sindresorhus/log-symbols"
"long@5.3.2","Apache-2.0","https://github.com/dcodeIO/long.js"
"loose-envify@1.4.0","MIT","https://github.com/zertosh/loose-envify"
"lru-cache@10.4.3","ISC","https://github.com/isaacs/node-lru-cache"
"lru-cache@11.3.6","BlueOak-1.0.0","https://github.com/isaacs/node-lru-cache"
"lru-cache@5.1.1","ISC","https://github.com/isaacs/node-lru-cache"
"makeerror@1.0.12","BSD-3-Clause","https://github.com/daaku/nodejs-makeerror"
"marky@1.3.0","Apache-2.0","https://github.com/nolanlawson/marky"
"memoize-one@5.2.1","MIT","https://github.com/alexreardon/memoize-one"
"memoize-one@6.0.0","MIT","https://github.com/alexreardon/memoize-one"
"merge-stream@2.0.0","MIT","https://github.com/grncdr/merge-stream"
"metro-babel-transformer@0.83.3","MIT","https://github.com/facebook/metro"
"metro-cache-key@0.83.3","MIT","https://github.com/facebook/metro"
"metro-cache@0.83.3","MIT","https://github.com/facebook/metro"
"metro-config@0.83.3","MIT","https://github.com/facebook/metro"
"metro-core@0.83.3","MIT","https://github.com/facebook/metro"
"metro-file-map@0.83.3","MIT","https://github.com/facebook/metro"
"metro-minify-terser@0.83.3","MIT","https://github.com/facebook/metro"
"metro-resolver@0.83.3","MIT","https://github.com/facebook/metro"
"metro-runtime@0.83.3","MIT","https://github.com/facebook/metro"
"metro-source-map@0.83.3","MIT","https://github.com/facebook/metro"
"metro-symbolicate@0.83.3","MIT","https://github.com/facebook/metro"
"metro-transform-plugins@0.83.3","MIT","https://github.com/facebook/metro"
"metro-transform-worker@0.83.3","MIT","https://github.com/facebook/metro"
"metro@0.83.3","MIT","https://github.com/facebook/metro"
"micromatch@4.0.8","MIT","https://github.com/micromatch/micromatch"
"mime-db@1.52.0","MIT","https://github.com/jshttp/mime-db"
"mime-types@2.1.35","MIT","https://github.com/jshttp/mime-types"
"mime@1.6.0","MIT","https://github.com/broofa/node-mime"
"mimic-fn@1.2.0","MIT","https://github.com/sindresorhus/mimic-fn"
"minimatch@10.2.5","BlueOak-1.0.0","https://github.com/isaacs/minimatch"
"minimatch@3.1.5","ISC","https://github.com/isaacs/minimatch"
"minimatch@9.0.9","ISC","https://github.com/isaacs/minimatch"
"minimist@1.2.8","MIT","https://github.com/minimistjs/minimist"
"minipass@7.1.3","BlueOak-1.0.0","https://github.com/isaacs/minipass"
"minizlib@3.1.0","MIT","https://github.com/isaacs/minizlib"
"mkdirp@1.0.4","MIT","https://github.com/isaacs/node-mkdirp"
"moneyplanner@1.0.0","UNLICENSED",""
"ms@2.0.0","MIT","https://github.com/zeit/ms"
"ms@2.1.3","MIT","https://github.com/vercel/ms"
"mz@2.7.0","MIT","https://github.com/normalize/mz"
"nanoid@3.3.12","MIT","https://github.com/ai/nanoid"
"negotiator@0.6.3","MIT","https://github.com/jshttp/negotiator"
"negotiator@0.6.4","MIT","https://github.com/jshttp/negotiator"
"nested-error-stacks@2.0.1","MIT","https://github.com/mdlavin/nested-error-stacks"
"node-fetch@2.7.0","MIT","https://github.com/bitinn/node-fetch"
"node-forge@1.4.0","(BSD-3-Clause OR GPL-2.0)","https://github.com/digitalbazaar/forge"
"node-int64@0.4.0","MIT","https://github.com/broofa/node-int64"
"node-releases@2.0.38","MIT","https://github.com/chicoxyzzy/node-releases"
"normalize-path@3.0.0","MIT","https://github.com/jonschlinkert/normalize-path"
"npm-package-arg@11.0.3","ISC","https://github.com/npm/npm-package-arg"
"nullthrows@1.1.1","MIT","https://github.com/zertosh/nullthrows"
"ob1@0.83.3","MIT","https://github.com/facebook/metro"
"object-assign@4.1.1","MIT","https://github.com/sindresorhus/object-assign"
"on-finished@2.3.0","MIT","https://github.com/jshttp/on-finished"
"on-finished@2.4.1","MIT","https://github.com/jshttp/on-finished"
"on-headers@1.1.0","MIT","https://github.com/jshttp/on-headers"
"once@1.4.0","ISC","https://github.com/isaacs/once"
"onetime@2.0.1","MIT","https://github.com/sindresorhus/onetime"
"open@7.4.2","MIT","https://github.com/sindresorhus/open"
"open@8.4.2","MIT","https://github.com/sindresorhus/open"
"ora@3.4.0","MIT","https://github.com/sindresorhus/ora"
"p-limit@2.3.0","MIT","https://github.com/sindresorhus/p-limit"
"p-limit@3.1.0","MIT","https://github.com/sindresorhus/p-limit"
"p-locate@4.1.0","MIT","https://github.com/sindresorhus/p-locate"
"p-try@2.2.0","MIT","https://github.com/sindresorhus/p-try"
"parse-png@2.1.0","MIT","https://github.com/kevva/parse-png"
"parseurl@1.3.3","MIT","https://github.com/pillarjs/parseurl"
"path-exists@4.0.0","MIT","https://github.com/sindresorhus/path-exists"
"path-is-absolute@1.0.1","MIT","https://github.com/sindresorhus/path-is-absolute"
"path-key@3.1.1","MIT","https://github.com/sindresorhus/path-key"
"path-parse@1.0.7","MIT","https://github.com/jbgutierrez/path-parse"
"path-scurry@2.0.2","BlueOak-1.0.0","https://github.com/isaacs/path-scurry"
"picocolors@1.1.1","ISC","https://github.com/alexeyraspopov/picocolors"
"picomatch@2.3.2","MIT","https://github.com/micromatch/picomatch"
"picomatch@4.0.4","MIT","https://github.com/micromatch/picomatch"
"pirates@4.0.7","MIT","https://github.com/danez/pirates"
"plist@3.1.1","MIT","https://github.com/TooTallNate/node-plist"
"pngjs@3.4.0","MIT","https://github.com/lukeapage/pngjs2"
"postcss-value-parser@4.2.0","MIT","https://github.com/TrySound/postcss-value-parser"
"postcss@8.4.49","MIT","https://github.com/postcss/postcss"
"pretty-bytes@5.6.0","MIT","https://github.com/sindresorhus/pretty-bytes"
"pretty-format@29.7.0","MIT","https://github.com/jestjs/jest"
"proc-log@4.2.0","ISC","https://github.com/npm/proc-log"
"progress@2.0.3","MIT","https://github.com/visionmedia/node-progress"
"promise@7.3.1","MIT","https://github.com/then/promise"
"promise@8.3.0","MIT","https://github.com/then/promise"
"prompts@2.4.2","MIT","https://github.com/terkelg/prompts"
"protobufjs@7.5.7","BSD-3-Clause","https://github.com/protobufjs/protobuf.js"
"punycode@2.3.1","MIT","https://github.com/mathiasbynens/punycode.js"
"qrcode-terminal@0.11.0","Apache 2.0","https://github.com/gtanner/qrcode-terminal"
"query-string@7.1.3","MIT","https://github.com/sindresorhus/query-string"
"queue@6.0.2","MIT","https://github.com/jessetane/queue"
"range-parser@1.2.1","MIT","https://github.com/jshttp/range-parser"
"rc@1.2.8","(BSD-2-Clause OR MIT OR Apache-2.0)","https://github.com/dominictarr/rc"
"react-devtools-core@6.1.5","MIT","https://github.com/facebook/react"
"react-dom@19.1.0","MIT","https://github.com/facebook/react"
"react-fast-compare@3.2.2","MIT","https://github.com/FormidableLabs/react-fast-compare"
"react-freeze@1.0.4","MIT","https://github.com/software-mansion/react-freeze"
"react-is@16.13.1","MIT","https://github.com/facebook/react"
"react-is@18.3.1","MIT","https://github.com/facebook/react"
"react-is@19.2.6","MIT","https://github.com/facebook/react"
"react-native-gesture-handler@2.28.0","MIT","https://github.com/software-mansion/react-native-gesture-handler"
"react-native-is-edge-to-edge@1.3.1","MIT","https://github.com/zoontek/react-native-edge-to-edge"
"react-native-reanimated@4.1.7","MIT","https://github.com/software-mansion/react-native-reanimated"
"react-native-safe-area-context@5.6.2","MIT","https://github.com/AppAndFlow/react-native-safe-area-context"
"react-native-screens@4.16.0","MIT","https://github.com/software-mansion/react-native-screens"
"react-native-url-polyfill@3.0.0","MIT","https://github.com/charpeni/react-native-url-polyfill"
"react-native-web@0.21.2","MIT","https://github.com/necolas/react-native-web"
"react-native-webview@13.15.0","MIT","https://github.com/react-native-webview/react-native-webview"
"react-native-worklets@0.5.2","MIT","https://github.com/software-mansion/react-native-reanimated"
"react-native@0.81.5","MIT","https://github.com/facebook/react-native"
"react-refresh@0.14.2","MIT","https://github.com/facebook/react"
"react-remove-scroll-bar@2.3.8","MIT","https://github.com/theKashey/react-remove-scroll-bar"
"react-remove-scroll@2.7.2","MIT","https://github.com/theKashey/react-remove-scroll"
"react-style-singleton@2.2.3","MIT","https://github.com/theKashey/react-style-singleton"
"react@19.1.0","MIT","https://github.com/facebook/react"
"regenerate-unicode-properties@10.2.2","MIT","https://github.com/mathiasbynens/regenerate-unicode-properties"
"regenerate@1.4.2","MIT","https://github.com/mathiasbynens/regenerate"
"regenerator-runtime@0.13.11","MIT","https://github.com/facebook/regenerator/tree/main/packages/runtime"
"regexpu-core@6.4.0","MIT","https://github.com/mathiasbynens/regexpu-core"
"regjsgen@0.8.0","MIT","https://github.com/bnjmnt4n/regjsgen"
"regjsparser@0.13.1","BSD-2-Clause","https://github.com/jviereck/regjsparser"
"require-directory@2.1.1","MIT","https://github.com/troygoode/node-require-directory"
"require-from-string@2.0.2","MIT","https://github.com/floatdrop/require-from-string"
"requireg@0.2.2","MIT","https://github.com/h2non/requireg"
"resolve-from@5.0.0","MIT","https://github.com/sindresorhus/resolve-from"
"resolve-workspace-root@2.0.1","MIT","https://github.com/byCedric/resolve-workspace-root"
"resolve.exports@2.0.3","MIT","https://github.com/lukeed/resolve.exports"
"resolve@1.22.12","MIT","https://github.com/browserify/resolve"
"resolve@1.7.1","MIT","https://github.com/browserify/resolve"
"restore-cursor@2.0.0","MIT","https://github.com/sindresorhus/restore-cursor"
"rimraf@3.0.2","ISC","https://github.com/isaacs/rimraf"
"safe-buffer@5.2.1","MIT","https://github.com/feross/safe-buffer"
"sax@1.6.0","BlueOak-1.0.0","https://github.com/isaacs/sax-js"
"scheduler@0.26.0","MIT","https://github.com/facebook/react"
"semver@6.3.1","ISC","https://github.com/npm/node-semver"
"semver@7.6.3","ISC","https://github.com/npm/node-semver"
"semver@7.7.2","ISC","https://github.com/npm/node-semver"
"semver@7.8.0","ISC","https://github.com/npm/node-semver"
"send@0.19.2","MIT","https://github.com/pillarjs/send"
"serialize-error@2.1.0","MIT","https://github.com/sindresorhus/serialize-error"
"serve-static@1.16.3","MIT","https://github.com/expressjs/serve-static"
"server-only@0.0.1","MIT",""
"setimmediate@1.0.5","MIT","https://github.com/YuzuJS/setImmediate"
"setprototypeof@1.2.0","ISC","https://github.com/wesleytodd/setprototypeof"
"sf-symbols-typescript@2.2.0","MIT","https://github.com/nandorojo/typescript-sf-symbols"
"shallowequal@1.1.0","MIT","https://github.com/dashed/shallowequal"
"shebang-command@2.0.0","MIT","https://github.com/kevva/shebang-command"
"shebang-regex@3.0.0","MIT","https://github.com/sindresorhus/shebang-regex"
"shell-quote@1.8.3","MIT","https://github.com/ljharb/shell-quote"
"signal-exit@3.0.7","ISC","https://github.com/tapjs/signal-exit"
"simple-plist@1.3.1","MIT","https://github.com/wollardj/simple-plist"
"simple-swizzle@0.2.4","MIT","https://github.com/qix-/node-simple-swizzle"
"sisteransi@1.0.5","MIT","https://github.com/terkelg/sisteransi"
"slash@3.0.0","MIT","https://github.com/sindresorhus/slash"
"slugify@1.6.9","MIT","https://github.com/simov/slugify"
"source-map-js@1.2.1","BSD-3-Clause","https://github.com/7rulnik/source-map-js"
"source-map-support@0.5.21","MIT","https://github.com/evanw/node-source-map-support"
"source-map@0.5.7","BSD-3-Clause","https://github.com/mozilla/source-map"
"source-map@0.6.1","BSD-3-Clause","https://github.com/mozilla/source-map"
"split-on-first@1.1.0","MIT","https://github.com/sindresorhus/split-on-first"
"sprintf-js@1.0.3","BSD-3-Clause","https://github.com/alexei/sprintf.js"
"stack-utils@2.0.6","MIT","https://github.com/tapjs/stack-utils"
"stackframe@1.3.4","MIT","https://github.com/stacktracejs/stackframe"
"stacktrace-parser@0.1.11","MIT","https://github.com/errwischt/stacktrace-parser"
"statuses@1.5.0","MIT","https://github.com/jshttp/statuses"
"statuses@2.0.2","MIT","https://github.com/jshttp/statuses"
"stream-buffers@2.2.0","Unlicense","https://github.com/samcday/node-stream-buffer"
"strict-uri-encode@2.0.0","MIT","https://github.com/kevva/strict-uri-encode"
"string-width@4.2.3","MIT","https://github.com/sindresorhus/string-width"
"strip-ansi@5.2.0","MIT","https://github.com/chalk/strip-ansi"
"strip-ansi@6.0.1","MIT","https://github.com/chalk/strip-ansi"
"strip-json-comments@2.0.1","MIT","https://github.com/sindresorhus/strip-json-comments"
"structured-headers@0.4.1","MIT","https://github.com/evert/structured-header"
"styleq@0.1.3","MIT","https://github.com/necolas/styleq"
"sucrase@3.35.1","MIT","https://github.com/alangpierce/sucrase"
"supports-color@5.5.0","MIT","https://github.com/chalk/supports-color"
"supports-color@7.2.0","MIT","https://github.com/chalk/supports-color"
"supports-color@8.1.1","MIT","https://github.com/chalk/supports-color"
"supports-hyperlinks@2.3.0","MIT","https://github.com/jamestalmage/supports-hyperlinks"
"supports-preserve-symlinks-flag@1.0.0","MIT","https://github.com/inspect-js/node-supports-preserve-symlinks-flag"
"tar@7.5.15","BlueOak-1.0.0","https://github.com/isaacs/node-tar"
"terminal-link@2.1.1","MIT","https://github.com/sindresorhus/terminal-link"
"terser@5.47.1","BSD-2-Clause","https://github.com/terser/terser"
"test-exclude@6.0.0","ISC","https://github.com/istanbuljs/test-exclude"
"thenify-all@1.6.0","MIT","https://github.com/thenables/thenify-all"
"thenify@3.3.1","MIT","https://github.com/thenables/thenify"
"throat@5.0.0","MIT","https://github.com/ForbesLindesay/throat"
"tinyglobby@0.2.16","MIT","https://github.com/SuperchupuDev/tinyglobby"
"tmpl@1.0.5","BSD-3-Clause","https://github.com/daaku/nodejs-tmpl"
"to-regex-range@5.0.1","MIT","https://github.com/micromatch/to-regex-range"
"toidentifier@1.0.1","MIT","https://github.com/component/toidentifier"
"tr46@0.0.3","MIT","https://github.com/Sebmaster/tr46.js"
"ts-interface-checker@0.1.13","Apache-2.0","https://github.com/gristlabs/ts-interface-checker"
"tslib@2.8.1","0BSD","https://github.com/Microsoft/tslib"
"type-detect@4.0.8","MIT","https://github.com/chaijs/type-detect"
"type-fest@0.21.3","(MIT OR CC0-1.0)","https://github.com/sindresorhus/type-fest"
"type-fest@0.7.1","(MIT OR CC0-1.0)","https://github.com/sindresorhus/type-fest"
"typescript@5.9.3","Apache-2.0","https://github.com/microsoft/TypeScript"
"ua-parser-js@1.0.41","MIT","https://github.com/faisalman/ua-parser-js"
"undici-types@7.19.2","MIT","https://github.com/nodejs/undici"
"undici@6.25.0","MIT","https://github.com/nodejs/undici"
"unicode-canonical-property-names-ecmascript@2.0.1","MIT","https://github.com/mathiasbynens/unicode-canonical-property-names-ecmascript"
"unicode-match-property-ecmascript@2.0.0","MIT","https://github.com/mathiasbynens/unicode-match-property-ecmascript"
"unicode-match-property-value-ecmascript@2.2.1","MIT","https://github.com/mathiasbynens/unicode-match-property-value-ecmascript"
"unicode-property-aliases-ecmascript@2.2.0","MIT","https://github.com/mathiasbynens/unicode-property-aliases-ecmascript"
"unpipe@1.0.0","MIT","https://github.com/stream-utils/unpipe"
"update-browserslist-db@1.2.3","MIT","https://github.com/browserslist/update-db"
"use-callback-ref@1.3.3","MIT","https://github.com/theKashey/use-callback-ref"
"use-latest-callback@0.2.6","MIT","https://github.com/satya164/use-latest-callback"
"use-sidecar@1.1.3","MIT","https://github.com/theKashey/use-sidecar"
"use-sync-external-store@1.6.0","MIT","https://github.com/facebook/react"
"utils-merge@1.0.1","MIT","https://github.com/jaredhanson/utils-merge"
"uuid@7.0.3","MIT","https://github.com/uuidjs/uuid"
"validate-npm-package-name@5.0.1","ISC","https://github.com/npm/validate-npm-package-name"
"vary@1.1.2","MIT","https://github.com/jshttp/vary"
"vaul@1.1.2","MIT","https://github.com/emilkowalski/vaul"
"vlq@1.0.1","MIT","https://github.com/Rich-Harris/vlq"
"walker@1.0.8","Apache-2.0","https://github.com/daaku/nodejs-walker"
"warn-once@0.1.1","MIT","https://github.com/satya164/warn-once"
"wcwidth@1.0.1","MIT","https://github.com/timoxley/wcwidth"
"web-vitals@4.2.4","Apache-2.0","https://github.com/GoogleChrome/web-vitals"
"webidl-conversions@3.0.1","BSD-2-Clause","https://github.com/jsdom/webidl-conversions"
"webidl-conversions@5.0.0","BSD-2-Clause","https://github.com/jsdom/webidl-conversions"
"websocket-driver@0.7.4","Apache-2.0","https://github.com/faye/websocket-driver-node"
"websocket-extensions@0.1.4","Apache-2.0","https://github.com/faye/websocket-extensions-node"
"whatwg-fetch@3.6.20","MIT","https://github.com/github/fetch"
"whatwg-url-without-unicode@8.0.0-3","MIT","https://github.com/charpeni/whatwg-url"
"whatwg-url@5.0.0","MIT","https://github.com/jsdom/whatwg-url"
"which@2.0.2","ISC","https://github.com/isaacs/node-which"
"wonka@6.3.6","MIT","https://github.com/0no-co/wonka"
"wrap-ansi@7.0.0","MIT","https://github.com/chalk/wrap-ansi"
"wrappy@1.0.2","ISC","https://github.com/npm/wrappy"
"write-file-atomic@4.0.2","ISC","https://github.com/npm/write-file-atomic"
"ws@6.2.3","MIT","https://github.com/websockets/ws"
"ws@7.5.10","MIT","https://github.com/websockets/ws"
"ws@8.20.0","MIT","https://github.com/websockets/ws"
"xcode@3.0.1","Apache-2.0","https://github.com/apache/cordova-node-xcode"
"xml2js@0.6.0","MIT","https://github.com/Leonidas-from-XIV/node-xml2js"
"xmlbuilder@11.0.1","MIT","https://github.com/oozcitak/xmlbuilder-js"
"xmlbuilder@15.1.1","MIT","https://github.com/oozcitak/xmlbuilder-js"
"y18n@5.0.8","ISC","https://github.com/yargs/y18n"
"yallist@3.1.1","ISC","https://github.com/isaacs/yallist"
"yallist@5.0.0","BlueOak-1.0.0","https://github.com/isaacs/yallist"
"yaml@2.9.0","ISC","https://github.com/eemeli/yaml"
"yargs-parser@21.1.1","ISC","https://github.com/yargs/yargs-parser"
"yargs@17.7.2","MIT","https://github.com/yargs/yargs"
"yocto-queue@0.1.0","MIT","https://github.com/sindresorhus/yocto-queue"